Check;Constituency;Area;County;Electorate;CON;LAB;LIB;UKIP;Green;NAT;MIN;OTH
Aldershot;Aldershot;South East;Hampshire;76765;30900;33200;8300;21200;6100;0;0;300
Aldridge-Brownhills;Aldridge-Brownhills;West Midlands;Black Country;73122;40100;14700;9000;29500;6200;0;0;400
Altrincham and Sale West;Altrincham and Sale West;North West;Central Manchester;73934;28500;31700;13600;15700;8500;0;0;1900
Amber Valley;Amber Valley;East Midlands;Derbyshire;70625;26400;23700;10800;31900;6800;0;0;300
Arundel and South Downs;Arundel and South Downs;South East;West Sussex;76974;43100;11900;15800;19100;9500;0;0;500
Ashfield;Ashfield;East Midlands;Nottinghamshire;69819;20000;13200;9600;43400;6700;0;0;7100
Ashford;Ashford;South East;Kent;73546;30800;24500;7000;26900;9700;0;0;1100
Ashton-under-Lyne;Ashton-under-Lyne;North West;Eastern Manchester;72278;17600;29600;8300;32400;7400;0;0;4700
Aylesbury;Aylesbury;South East;Buckinghamshire;75636;31500;26200;16200;17600;7300;0;0;1200
Banbury;Banbury;South East;Oxfordshire;69943;30800;29700;13800;17100;6800;0;0;1900
Barking;Barking;London;Barking and Dagenham;71822;18100;36900;7800;20400;8500;0;0;8400
Barnsley North;Barnsley North;Yorkshire and The Humber;South Yorkshire;76794;16300;28100;9000;38800;6200;0;0;1500
Barnsley South;Barnsley South;Yorkshire and The Humber;South Yorkshire;75896;16700;25400;9900;41000;5700;0;0;1400
Barrow and Furness;Barrow and Furness;North West;Cumbria;76603;29100;28300;11400;24800;5800;0;0;600
Basildon and Billericay;Basildon and Billericay;East of England;Essex;76993;35800;15900;9800;31500;6100;0;0;900
Basingstoke;Basingstoke;South East;Hampshire;77050;28900;31900;9700;20000;8600;0;0;900
Bassetlaw;Bassetlaw;East Midlands;Nottinghamshire;75773;27600;24700;11500;30200;5600;0;0;400
Bath;Bath;South West;Bristol area;73241;21200;14100;37600;12800;11300;0;0;3000
Battersea;Battersea;London;Wandsworth;71949;19900;43800;16400;7900;9400;0;0;2600
Beaconsfield;Beaconsfield;South East;Buckinghamshire;72315;41500;10900;20400;17400;7300;0;0;2500
Beckenham and Penge;Beckenham and Penge;London;Bromley;76625;23400;41200;14200;13400;7500;0;0;400
Bedford;Bedford;East of England;Bedfordshire;70068;24300;33600;11200;17700;7500;0;0;5600
Bermondsey and Old Southwark;Bermondsey and Old Southwark;London;Southwark;70602;11800;45200;18600;10600;11300;0;0;2400
Bethnal Green and Stepney;Bethnal Green and Stepney;London;Tower Hamlets;77000;9700;32000;9100;7400;14300;0;0;27600
Beverley and Holderness;Beverley and Holderness;Yorkshire and The Humber;Humber area;71102;39000;17000;12500;25500;5200;0;0;800
Bexhill and Battle;Bexhill and Battle;South East;East Sussex;70869;42300;14200;10400;22800;7300;0;0;2900
Bexleyheath and Crayford;Bexleyheath and Crayford;London;Bexley;69948;29900;28200;9200;27200;5200;0;0;200
Bicester and Woodstock;Bicester and Woodstock;South East;Oxfordshire;70389;31000;14900;30100;16700;6800;0;0;400
Birkenhead;Birkenhead;North West;Merseyside;76271;11800;35400;9900;22400;19400;0;0;1000
Birmingham Edgbaston;Birmingham Edgbaston;West Midlands;Birmingham;71354;23300;34800;8700;14100;10300;0;0;8800
Birmingham Erdington;Birmingham Erdington;West Midlands;Birmingham;76856;22000;30400;7200;25700;9700;0;0;4900
Birmingham Hall Green and Moseley;Birmingham Hall Green and Moseley;West Midlands;Birmingham;75781;12600;28700;8700;7400;10300;0;0;32400
Birmingham Hodge Hill and Solihull North;Birmingham Hodge Hill and Solihull North;West Midlands;Birmingham;76922;17700;22800;4300;23100;13200;0;0;18900
Birmingham Ladywood;Birmingham Ladywood;West Midlands;Birmingham;76585;11300;35100;5300;7500;11900;0;0;29100
Birmingham Northfield;Birmingham Northfield;West Midlands;Birmingham;73483;26100;28500;7900;25400;10600;0;0;1500
Birmingham Perry Barr;Birmingham Perry Barr;West Midlands;Birmingham;74048;16300;23200;5500;10900;9300;0;0;34900
Birmingham Selly Oak;Birmingham Selly Oak;West Midlands;Birmingham;76285;20200;35100;6800;17800;13000;0;0;7100
Birmingham Yardley;Birmingham Yardley;West Midlands;Birmingham;71912;16700;25500;6400;18400;8300;0;0;24700
Bishop Auckland;Bishop Auckland;North East;Durham;70879;31000;24500;10600;27600;5600;0;0;700
Blackburn;Blackburn;North West;Lancashire;70586;15900;17600;6700;17800;5400;0;0;36600
Blackley and Middleton South;Blackley and Middleton South;North West;Central Manchester;71735;17400;35800;9700;27500;8700;0;0;900
Blackpool North and Fleetwood;Blackpool North and Fleetwood;North West;Lancashire;75396;29100;23700;12200;29300;5100;0;0;700
Blackpool South;Blackpool South;North West;Lancashire;76071;24600;25000;13100;30000;6600;0;0;800
Blaydon and Consett;Blaydon and Consett;North East;Durham;70163;18400;35600;9400;29500;6500;0;0;600
Blyth and Ashington;Blyth and Ashington;North East;Northumberland;75452;19900;31300;9100;32900;6400;0;0;400
Bognor Regis and Littlehampton;Bognor Regis and Littlehampton;South East;West Sussex;76985;38000;14500;10800;29000;6900;0;0;800
Bolsover;Bolsover;East Midlands;Derbyshire;74680;25400;23800;10100;32500;7800;0;0;500
Bolton North East;Bolton North East;North West;Western Manchester;77020;24600;24700;9900;28900;8300;0;0;3600
Bolton South and Walkden;Bolton South and Walkden;North West;Western Manchester;75716;18600;27100;7900;29600;7800;0;0;9100
Bolton West;Bolton West;North West;Western Manchester;72125;29700;26500;10200;25100;7600;0;0;900
Bootle;Bootle;North West;Merseyside;75194;10400;48200;10900;19200;10400;0;0;900
Boston and Skegness;Boston and Skegness;East Midlands;Lincolnshire;75806;33400;6800;7700;46700;4600;0;0;800
Bournemouth East;Bournemouth East;South West;Dorset;73173;28400;25600;10900;24500;8200;0;0;2300
Bournemouth West;Bournemouth West;South West;Dorset;72094;29000;22300;10100;28500;9200;0;0;900
Bracknell;Bracknell;South East;Berkshire;70247;30700;30000;11000;21300;6200;0;0;800
Bradford East;Bradford East;Yorkshire and The Humber;West Yorkshire;72150;17000;25900;8200;17800;8800;0;0;22400
Bradford South;Bradford South;Yorkshire and The Humber;West Yorkshire;70890;21200;23200;7500;31200;8500;0;0;8400
Bradford West;Bradford West;Yorkshire and The Humber;West Yorkshire;71258;14100;25300;6800;12100;9800;0;0;32000
Braintree;Braintree;East of England;Essex;75662;39400;13700;11500;28200;6200;0;0;1000
Brent East;Brent East;London;Brent;75880;17500;44600;10800;8600;9900;0;0;8700
Brent West;Brent West;London;Brent;76443;27000;38400;11000;9300;7100;0;0;7300
Brentford and Isleworth;Brentford and Isleworth;London;Hounslow;76354;21400;38900;12200;12000;8800;0;0;6700
Brentwood and Ongar;Brentwood and Ongar;East of England;Essex;74937;41200;13400;12900;27400;4600;0;0;600
Bridgwater;Bridgwater;South West;Somerset;71418;32500;13400;15300;32200;5800;0;0;900
Bridlington and The Wolds;Bridlington and The Wolds;Yorkshire and The Humber;Humber area;72501;39600;12400;10700;31000;4900;0;0;1300
Brigg and Immingham;Brigg and Immingham;Yorkshire and The Humber;Humber area;71628;38500;13700;11100;31100;5300;0;0;300
Brighton Kemptown and Peacehaven;Brighton Kemptown and Peacehaven;South East;East Sussex;69865;24000;34800;11100;9800;16600;0;0;3900
Brighton Pavilion;Brighton Pavilion;South East;East Sussex;75722;13200;18600;7200;9700;49600;0;0;1700
Bristol Central;Bristol Central;South West;Bristol area;70227;9200;21700;4800;8900;52700;0;0;2800
Bristol East;Bristol East;South West;Bristol area;75936;15600;32800;7700;16100;23100;0;0;4800
Bristol North East;Bristol North East;South West;Bristol area;69793;18600;32600;7300;22900;15200;0;0;3500
Bristol North West;Bristol North West;South West;Bristol area;76783;17300;37100;10700;16000;17500;0;0;1400
Bristol South;Bristol South;South West;Bristol area;74696;15600;30200;7800;25700;19900;0;0;800
Broadland and Fakenham;Broadland and Fakenham;East of England;Norfolk;72907;37000;15300;15900;24900;6400;0;0;500
Bromley and Biggin Hill;Bromley and Biggin Hill;London;Bromley;71515;37400;21200;13400;21100;6500;0;0;300
Bromsgrove;Bromsgrove;West Midlands;Hereford and Worcestershire;75305;39200;16000;14400;22500;6100;0;0;1800
Broxbourne;Broxbourne;East of England;Hertfordshire;75454;38000;16000;11300;27900;6000;0;0;900
Broxtowe;Broxtowe;East Midlands;Nottinghamshire;72461;24100;30300;11000;23200;9100;0;0;2300
Buckingham and Bletchley;Buckingham and Bletchley;South East;Buckinghamshire;73644;31400;29900;11400;19700;6600;0;0;1100
Burnley;Burnley;North West;Lancashire;75436;24000;21200;18500;27700;6600;0;0;1900
Burton and Uttoxeter;Burton and Uttoxeter;West Midlands;Staffordshire;75460;31300;24200;8900;25200;6800;0;0;3700
Bury North;Bury North;North West;Western Manchester;77009;27100;30100;10100;22400;5800;0;0;4600
Bury South;Bury South;North West;Western Manchester;74598;25200;33000;10700;21300;6500;0;0;3300
Bury St Edmunds and Stowmarket;Bury St Edmunds and Stowmarket;East of England;Suffolk;75655;30300;23100;8600;25800;11100;0;0;1200
Calder Valley;Calder Valley;Yorkshire and The Humber;West Yorkshire;75987;27500;29700;14300;20300;7200;0;0;900
Camborne and Redruth;Camborne and Redruth;South West;Cornwall;73568;28600;22400;14400;25100;8300;0;0;1300
Cambridge;Cambridge;East of England;Cambridgeshire;72560;14300;40700;16400;6900;15500;0;0;6400
Cannock Chase;Cannock Chase;West Midlands;Staffordshire;75582;30300;23600;7700;30700;7400;0;0;300
Canterbury;Canterbury;South East;Kent;75499;28000;33000;7800;18400;11900;0;0;900
Carlisle;Carlisle;North West;Cumbria;75868;28700;25300;13200;25800;5900;0;0;1000
Carshalton and Wallington;Carshalton and Wallington;London;Sutton;72755;27100;12300;36900;17900;4900;0;0;1000
Castle Point;Castle Point;East of England;Essex;70923;42000;9200;7600;36400;4600;0;0;300
Central Devon;Central Devon;South West;Devon;73491;37300;14000;18900;22000;7000;0;0;900
Central Suffolk and North Ipswich;Central Suffolk and North Ipswich;East of England;Essex;71020;36400;14800;14100;24600;9200;0;0;800
Chatham and Aylesford;Chatham and Aylesford;South East;Kent;74840;32200;24800;7400;28400;6400;0;0;800
Cheadle;Cheadle;North West;Eastern Manchester;73775;24000;13200;42600;13800;4700;0;0;1700
Chelmsford;Chelmsford;East of England;Essex;76454;30000;11300;33800;19400;4600;0;0;1000
Chelsea and Fulham;Chelsea and Fulham;London;Hammersmith and Fulham;76481;31100;33600;17700;9500;6600;0;0;1500
Cheltenham;Cheltenham;South West;Gloucestershire;75292;30400;8400;41400;12200;6600;0;0;1000
Chesham and Amersham;Chesham and Amersham;South East;Buckinghamshire;74155;34000;8700;37400;13900;5000;0;0;1100
Chester North and Neston;Chester North and Neston;North West;Cheshire;72327;23000;38100;11500;17800;9000;0;0;600
Chester South and Eddisbury;Chester South and Eddisbury;North West;Cheshire;71975;41300;17300;16000;17600;5900;0;0;1900
Chesterfield;Chesterfield;East Midlands;Derbyshire;70722;21700;30100;10700;29000;7400;0;0;1200
Chichester;Chichester;South East;West Sussex;76785;31400;9600;32400;20200;6200;0;0;200
Chingford and Woodford Green;Chingford and Woodford Green;London;Waltham Forest;75677;36700;18800;7300;15000;4500;0;0;17600
Chippenham;Chippenham;South West;Wiltshire;71648;29700;9300;34900;20100;5500;0;0;500
Chipping Barnet;Chipping Barnet;London;Barnet;76187;33100;34100;12800;11500;7000;0;0;1500
Chorley;Chorley;North West;Lancashire;74568;6200;50400;9400;21500;12500;0;0;0
Christchurch;Christchurch;South West;Dorset;71598;38700;8600;15800;29100;5700;0;0;2100
Cities of London and Westminster;Cities of London and Westminster;London;City of Westminster;73140;27300;35300;17700;9100;7400;0;0;3100
City of Durham;City of Durham;North East;Durham;72878;21000;36400;11700;21900;8300;0;0;800
Clacton;Clacton;East of England;Essex;75959;28700;5800;6700;54200;4100;0;0;500
Clapham and Brixton Hill;Clapham and Brixton Hill;London;Lambeth;75460;11600;53600;14900;6800;11800;0;0;1300
Colchester;Colchester;East of England;Essex;76843;27300;32300;13100;19900;7000;0;0;500
Colne Valley;Colne Valley;Yorkshire and The Humber;West Yorkshire;71518;29900;28700;12200;20800;7300;0;0;1100
Congleton;Congleton;North West;Cheshire;69836;31300;25700;12000;22900;5400;0;0;2700
Corby and East Northamptonshire;Corby and East Northamptonshire;East Midlands;Northamptonshire;76748;29000;28600;10000;24300;7400;0;0;800
Coventry East;Coventry East;West Midlands;Coventry and Solihull;73389;22000;34800;7500;21500;9400;0;0;4900
Coventry North West;Coventry North West;West Midlands;Coventry and Solihull;73431;24000;33600;8000;22900;9800;0;0;1800
Coventry South;Coventry South;West Midlands;Coventry and Solihull;70998;27500;35100;7600;15900;9000;0;0;5000
Cramlington and Killingworth;Cramlington and Killingworth;North East;Newcastle area;73295;20300;34700;7400;30300;5900;0;0;1400
Crawley;Crawley;South East;West Sussex;74446;27600;31500;7500;21700;7500;0;0;4200
Crewe and Nantwich;Crewe and Nantwich;North West;Cheshire;76236;24600;29700;12100;26000;5900;0;0;1600
Croydon East;Croydon East;London;Croydon;75436;25800;37700;10400;16800;8900;0;0;500
Croydon South;Croydon South;London;Croydon;71541;40800;22600;13900;14400;7100;0;0;1300
Croydon West;Croydon West;London;Croydon;70812;17600;47000;11400;10200;10400;0;0;3500
Dagenham and Rainham;Dagenham and Rainham;London;Barking and Dagenham;73627;23800;29700;6800;30800;7400;0;0;1600
Darlington;Darlington;North East;Durham;70446;29800;26500;7900;26600;8800;0;0;400
Dartford;Dartford;South East;Kent;72048;31800;26600;8100;25700;7500;0;0;300
Daventry;Daventry;East Midlands;Northamptonshire;76539;37800;14600;14500;25800;6800;0;0;400
Derby North;Derby North;East Midlands;Derbyshire;71876;25200;30700;9100;25000;9000;0;0;1000
Derby South;Derby South;East Midlands;Derbyshire;72067;19900;27500;8100;25500;6900;0;0;12100
Derbyshire Dales;Derbyshire Dales;East Midlands;Derbyshire;71435;32900;23400;15900;20200;6500;0;0;1100
Dewsbury and Batley;Dewsbury and Batley;Yorkshire and The Humber;West Yorkshire;70226;18300;15100;7600;20200;6500;0;0;32200
Didcot and Wantage;Didcot and Wantage;South East;Oxfordshire;74456;29300;14500;31300;17600;6700;0;0;500
Doncaster Central;Doncaster Central;Yorkshire and The Humber;South Yorkshire;75007;22500;26200;9300;33400;6500;0;0;2200
Doncaster East and the Isle of Axholme;Doncaster East and the Isle of Axholme;Yorkshire and The Humber;South Yorkshire;70113;30600;22100;9800;31600;5400;0;0;400
Doncaster North;Doncaster North;Yorkshire and The Humber;South Yorkshire;71739;24100;25800;9800;28600;7200;0;0;4700
Dorking and Horley;Dorking and Horley;South East;Surrey;70317;32400;10200;31700;18600;6800;0;0;300
Dover and Deal;Dover and Deal;South East;Kent;75855;28000;29000;6800;27500;8000;0;0;700
Droitwich and Evesham;Droitwich and Evesham;West Midlands;Hereford and Worcestershire;74345;42100;12400;11700;24600;8700;0;0;500
Dudley;Dudley;West Midlands;Black Country;71083;30300;22100;7400;31800;5900;0;0;2600
Dulwich and West Norwood;Dulwich and West Norwood;London;Lambeth;74314;10900;54100;10200;7000;16500;0;0;1300
Dunstable and Leighton Buzzard;Dunstable and Leighton Buzzard;East of England;Bedfordshire;74069;32200;23900;14500;23200;5700;0;0;500
Ealing Central and Acton;Ealing Central and Acton;London;Ealing;75399;17900;41200;15200;9000;11400;0;0;5300
Ealing North;Ealing North;London;Ealing;72985;20400;40400;10100;12000;8800;0;0;8400
Ealing Southall;Ealing Southall;London;Ealing;75085;15500;43000;9000;8400;9800;0;0;14300
Earley and Woodley;Earley and Woodley;South East;Berkshire;70083;34000;32200;12000;11000;8600;0;0;2200
Easington;Easington;North East;Durham;70043;19400;30400;8000;34100;6000;0;0;2100
East Grinstead and Uckfield;East Grinstead and Uckfield;South East;West Sussex;72356;42500;13700;17400;12800;10100;0;0;3500
East Ham;East Ham;London;Newham;70902;13100;44600;7400;7500;10400;0;0;16900
East Hampshire;East Hampshire;South East;Hampshire;69959;40900;10100;25200;16700;6400;0;0;700
East Surrey;East Surrey;South East;Surrey;73145;43300;12900;15300;20300;6900;0;0;1400
East Thanet;East Thanet;South East;Kent;73790;27700;23400;6100;32500;9700;0;0;800
East Wiltshire;East Wiltshire;South West;Wiltshire;71109;41400;18100;9500;24300;6400;0;0;200
East Worthing and Shoreham;East Worthing and Shoreham;South East;West Sussex;75466;27500;32900;10700;20100;7700;0;0;1000
Eastbourne;Eastbourne;South East;East Sussex;73322;28100;8500;39100;18200;5700;0;0;400
Eastleigh;Eastleigh;South East;Hampshire;69982;31400;13700;27700;19700;6700;0;0;700
Edmonton and Winchmore Hill;Edmonton and Winchmore Hill;London;Enfield;75204;20400;42600;10100;11600;9400;0;0;5900
Ellesmere Port and Bromborough;Ellesmere Port and Bromborough;North West;Cheshire;71027;15600;39400;9300;26400;8600;0;0;800
Eltham and Chislehurst;Eltham and Chislehurst;London;Greenwich;74179;26500;35000;9800;20000;7300;0;0;1300
Ely and East Cambridgeshire;Ely and East Cambridgeshire;East of England;Cambridgeshire;76279;30100;12500;32800;18700;4900;0;0;1000
Enfield North;Enfield North;London;Enfield;76824;21500;41100;9600;14300;9500;0;0;4200
Epping Forest;Epping Forest;East of England;Essex;74553;44700;14100;14100;15900;5900;0;0;5400
Epsom and Ewell;Epsom and Ewell;South East;Surrey;76844;32900;12200;32700;14700;5800;0;0;1600
Erewash;Erewash;East Midlands;Derbyshire;71986;25800;26500;12100;27800;7100;0;0;700
Erith and Thamesmead;Erith and Thamesmead;London;Greenwich;76728;16600;47200;8000;18100;7800;0;0;2300
Esher and Walton;Esher and Walton;South East;Surrey;73280;30200;8100;46000;11200;4000;0;0;600
Exeter;Exeter;South West;Devon;71713;19100;33800;9800;20000;15500;0;0;2000
Exmouth and Exeter East;Exmouth and Exeter East;South West;Devon;74502;30800;16900;21400;21900;7100;0;0;2000
Fareham and Waterlooville;Fareham and Waterlooville;South East;Hampshire;77036;38400;14800;14500;25600;6400;0;0;400
Farnham and Bordon;Farnham and Bordon;South East;Surrey;72938;41900;11000;26300;14400;5800;0;0;600
Faversham and Mid Kent;Faversham and Mid Kent;South East;Kent;71798;39200;15700;10300;25300;9200;0;0;300
Feltham and Heston;Feltham and Heston;London;Hounslow;75226;21400;35800;7600;18400;7700;0;0;9200
Filton and Bradley Stoke;Filton and Bradley Stoke;South West;Bristol area;73598;25200;33300;10500;21700;8600;0;0;700
Finchley and Golders Green;Finchley and Golders Green;London;Barnet;75761;31200;33900;18800;8000;5700;0;0;2500
Folkestone and Hythe;Folkestone and Hythe;South East;Kent;70023;29400;23300;6200;31100;9600;0;0;500
Forest of Dean;Forest of Dean;South West;Gloucestershire;71510;32100;19300;8400;29300;10500;0;0;400
Frome and East Somerset;Frome and East Somerset;South West;Somerset;70177;26000;10600;31200;21300;9300;0;0;1500
Fylde;Fylde;North West;Lancashire;75114;38500;16300;12600;23700;5000;0;0;3800
Gainsborough;Gainsborough;East Midlands;Lincolnshire;74750;40000;13400;12900;27500;5700;0;0;500
Gateshead Central and Whickham;Gateshead Central and Whickham;North East;Newcastle area;70994;17000;34200;11800;27800;8100;0;0;1200
Gedling;Gedling;East Midlands;Nottinghamshire;75795;24000;34400;10700;23300;6800;0;0;800
Gillingham and Rainham;Gillingham and Rainham;South East;Kent;73951;30900;27700;7200;26500;6800;0;0;900
Glastonbury and Somerton;Glastonbury and Somerton;South West;Somerset;70015;31500;7800;34100;20700;5700;0;0;200
Gloucester;Gloucester;South West;Gloucestershire;76695;27900;24400;11700;25900;7100;0;0;2900
Godalming and Ash;Godalming and Ash;South East;Surrey;71399;44200;8400;27600;14800;4600;0;0;500
Goole and Pocklington;Goole and Pocklington;Yorkshire and The Humber;Humber area;76337;40800;15100;12300;25000;6100;0;0;700
Gorton and Denton;Gorton and Denton;North West;Central Manchester;74306;13600;38200;8300;19900;11100;0;0;9100
Gosport;Gosport;South East;Hampshire;73763;42100;15600;7800;27600;6600;0;0;400
Grantham and Bourne;Grantham and Bourne;East Midlands;Lincolnshire;72071;39800;13100;10700;27400;6500;0;0;2500
Gravesham;Gravesham;South East;Kent;72866;32300;27400;8000;25500;6500;0;0;300
Great Grimsby and Cleethorpes;Great Grimsby and Cleethorpes;Yorkshire and The Humber;Humber area;77050;26000;21400;10300;35900;5700;0;0;600
Great Yarmouth;Great Yarmouth;East of England;Norfolk;70077;28400;13200;9800;41900;5800;0;0;800
Greenwich and Woolwich;Greenwich and Woolwich;London;Greenwich;69824;13600;50400;11900;10000;11900;0;0;2200
Guildford;Guildford;South East;Surrey;71367;32200;10300;38700;11300;6600;0;0;1000
Hackney North and Stoke Newington;Hackney North and Stoke Newington;London;Hackney;75401;11200;51000;11400;5800;17700;0;0;2900
Hackney South and Shoreditch;Hackney South and Shoreditch;London;Hackney;75197;9300;51900;9900;6700;18900;0;0;3300
Halesowen;Halesowen;West Midlands;Black Country;69907;29000;27100;9300;26300;7600;0;0;600
Halifax;Halifax;Yorkshire and The Humber;West Yorkshire;74563;22800;24900;10700;25600;9000;0;0;7000
Hamble Valley;Hamble Valley;South East;Hampshire;76902;40900;13200;18800;20900;5900;0;0;400
Hammersmith and Chiswick;Hammersmith and Chiswick;London;Hammersmith and Fulham;74746;18700;45300;15200;8200;9200;0;0;3400
Hampstead and Highgate;Hampstead and Highgate;London;Camden;74222;16800;42800;19800;7100;11000;0;0;2500
Harborough, Oadby and Wigston;Harborough, Oadby and Wigston;East Midlands;Leicestershire;74810;38800;17700;12200;21300;8900;0;0;1100
Harlow;Harlow;East of England;Essex;73479;31100;25400;10200;26300;6200;0;0;800
Harpenden and Berkhamsted;Harpenden and Berkhamsted;East of England;Hertfordshire;71635;28400;8900;45300;12100;4300;0;0;1000
Harrogate and Knaresborough;Harrogate and Knaresborough;Yorkshire and The Humber;North Yorkshire;75800;28700;9500;40700;15600;4600;0;0;800
Harrow East;Harrow East;London;Harrow;76299;49900;17600;12200;9900;4500;0;0;5900
Harrow West;Harrow West;London;Harrow;74060;25400;38000;10500;9800;6400;0;0;9900
Hartlepool;Hartlepool;North East;Teesside;71228;22900;24200;6800;39600;5000;0;0;1500
Harwich and North Essex;Harwich and North Essex;East of England;Essex;74838;38800;16200;11200;26900;6600;0;0;400
Hastings and Rye;Hastings and Rye;South East;East Sussex;75581;27400;28300;10200;21100;12200;0;0;900
Havant;Havant;South East;Hampshire;72766;35900;15900;9100;30500;8300;0;0;400
Hayes and Harlington;Hayes and Harlington;London;Hillingdon;72897;21500;42600;9000;15000;7100;0;0;4800
Hazel Grove;Hazel Grove;North West;Eastern Manchester;72941;22800;15800;34600;21100;5300;0;0;400
Hemel Hempstead;Hemel Hempstead;East of England;Hertfordshire;70496;28000;27100;14700;22800;6700;0;0;800
Hendon;Hendon;London;Barnet;71496;33900;32800;11800;10600;6500;0;0;4400
Henley and Thame;Henley and Thame;South East;Oxfordshire;70626;34000;9600;35000;14600;5800;0;0;800
Hereford and South Herefordshire;Hereford and South Herefordshire;West Midlands;Hereford and Worcestershire;71125;39600;14300;12800;23800;8900;0;0;600
Herne Bay and Sandwich;Herne Bay and Sandwich;South East;Kent;76028;39800;14600;7600;30100;7800;0;0;200
Hertford and Stortford;Hertford and Stortford;East of England;Hertfordshire;75396;28700;27900;12300;21600;8700;0;0;800
Hertsmere;Hertsmere;East of England;Hertfordshire;73256;45900;15400;14100;18100;5000;0;0;1400
Hexham;Hexham;North East;Northumberland;72738;35700;31800;11100;12600;6100;0;0;2800
Heywood and Middleton North;Heywood and Middleton North;North West;Eastern Manchester;73306;21500;25100;9300;34900;3500;0;0;5700
High Peak;High Peak;East Midlands;Derbyshire;73960;26900;31600;11900;21400;7700;0;0;600
Hinckley and Bosworth;Hinckley and Bosworth;East Midlands;Leicestershire;75683;37500;11500;19000;26400;5100;0;0;500
Hitchin;Hitchin;East of England;Hertfordshire;72112;28600;33200;13500;18300;6000;0;0;500
Holborn and St Pancras;Holborn and St Pancras;London;Camden;75475;11100;44300;8500;8100;10400;0;0;17600
Honiton and Sidmouth;Honiton and Sidmouth;South West;Devon;74365;31000;6200;39000;18200;4400;0;0;1300
Hornchurch and Upminster;Hornchurch and Upminster;London;Havering;76938;39500;13700;8200;31700;6300;0;0;600
Hornsey and Friern Barnet;Hornsey and Friern Barnet;London;Haringey;70565;10600;50000;19700;5400;11800;0;0;2600
Horsham;Horsham;South East;West Sussex;76981;34100;11900;30100;17600;5600;0;0;600
Houghton and Sunderland South;Houghton and Sunderland South;North East;Newcastle area;76883;18000;29000;8700;37900;6000;0;0;500
Hove and Portslade;Hove and Portslade;South East;East Sussex;73726;17100;42800;11700;10300;13000;0;0;5000
Huddersfield;Huddersfield;Yorkshire and The Humber;West Yorkshire;76044;21200;28300;9000;22700;17700;0;0;1200
Huntingdon;Huntingdon;East of England;Cambridgeshire;75590;38100;17600;13300;23100;6600;0;0;1300
Hyndburn;Hyndburn;North West;Lancashire;69971;28500;21200;10500;30400;8700;0;0;700
Ilford North;Ilford North;London;Redbridge;74684;20500;27500;7100;9900;4200;0;0;30800
Ilford South;Ilford South;London;Redbridge;74065;15800;37700;7900;8800;6400;0;0;23500
Ipswich;Ipswich;East of England;Suffolk;75117;26400;30100;11200;22500;8600;0;0;1300
Isle of Wight East;Isle of Wight East;South East;Hampshire;56805;37700;9700;11200;26700;14100;0;0;600
Isle of Wight West;Isle of Wight West;South East;Hampshire;54911;31700;22000;9600;25800;10500;0;0;400
Islington North;Islington North;London;Islington;73970;8500;30100;6700;7800;8500;0;0;38500
Islington South and Finsbury;Islington South and Finsbury;London;Islington;75905;11400;47400;12900;9700;15500;0;0;3100
Jarrow and Gateshead East;Jarrow and Gateshead East;North East;Newcastle area;71106;14900;32800;8800;34700;7800;0;0;1100
Keighley and Ilkley;Keighley and Ilkley;Yorkshire and The Humber;West Yorkshire;72954;40200;17800;10000;19500;7700;0;0;4800
Kenilworth and Southam;Kenilworth and Southam;West Midlands;Warwickshire;71541;40600;15500;17300;17200;8300;0;0;1100
Kensington and Bayswater;Kensington and Bayswater;London;Kensington and Chelsea;75980;27800;34800;15800;8500;7500;0;0;5700
Kettering;Kettering;East Midlands;Northamptonshire;76163;29300;23400;8800;25200;11800;0;0;1400
Kingston and Surbiton;Kingston and Surbiton;London;Kingston upon Thames;75410;20500;13600;46200;11300;6100;0;0;2300
Kingston upon Hull East;Kingston upon Hull East;Yorkshire and The Humber;Humber area;72622;18000;25000;8800;40500;7300;0;0;400
Kingston upon Hull North and Cottingham;Kingston upon Hull North and Cottingham;Yorkshire and The Humber;Humber area;76039;20100;31500;9800;28100;8000;0;0;2600
Kingston upon Hull West and Haltemprice;Kingston upon Hull West and Haltemprice;Yorkshire and The Humber;Humber area;74321;22600;27600;9200;33700;6300;0;0;700
Kingswinford and South Staffordshire;Kingswinford and South Staffordshire;West Midlands;Staffordshire;71896;42000;14400;9300;26700;6400;0;0;1200
Knowsley;Knowsley;North West;Merseyside;71228;10800;45800;9900;22000;10500;0;0;1000
Lancaster and Wyre;Lancaster and Wyre;North West;Lancashire;74992;26800;29700;8700;21800;12300;0;0;700
Leeds Central and Headingley;Leeds Central and Headingley;Yorkshire and The Humber;West Yorkshire;75396;15400;36500;7800;17800;17700;0;0;4800
Leeds East;Leeds East;Yorkshire and The Humber;West Yorkshire;75330;22500;30400;9200;25100;9500;0;0;3200
Leeds North East;Leeds North East;Yorkshire and The Humber;West Yorkshire;70976;16700;41300;11400;11400;11300;0;0;7900
Leeds North West;Leeds North West;Yorkshire and The Humber;West Yorkshire;71607;22800;34900;17400;15900;7400;0;0;1600
Leeds South;Leeds South;Yorkshire and The Humber;West Yorkshire;71376;18700;32500;9000;19000;14400;0;0;6400
Leeds South West and Morley;Leeds South West and Morley;Yorkshire and The Humber;West Yorkshire;74726;26300;26600;10100;28300;7700;0;0;1000
Leeds West and Pudsey;Leeds West and Pudsey;Yorkshire and The Humber;West Yorkshire;70270;20800;33600;11200;23200;9500;0;0;1900
Leicester East;Leicester East;East Midlands;Leicestershire;76465;30000;14700;10500;13200;7300;0;0;24300
Leicester South;Leicester South;East Midlands;Leicestershire;71007;14600;20400;4600;10400;10600;0;0;39400
Leicester West;Leicester West;East Midlands;Leicestershire;76992;22800;30500;8500;24000;11900;0;0;2400
Leigh and Atherton;Leigh and Atherton;North West;Western Manchester;76363;21000;30400;11900;31100;5000;0;0;700
Lewes;Lewes;South East;East Sussex;75091;29600;8700;39400;16000;6100;0;0;300
Lewisham East;Lewisham East;London;Lewisham;71706;14100;51200;9700;11500;11200;0;0;2300
Lewisham North;Lewisham North;London;Lewisham;73504;9400;52700;11200;7000;17000;0;0;2600
Lewisham West and East Dulwich;Lewisham West and East Dulwich;London;Lewisham;69904;10400;52800;12600;7300;15200;0;0;1700
Leyton and Wanstead;Leyton and Wanstead;London;Waltham Forest;71330;13300;44700;10600;8200;10500;0;0;12700
Lichfield;Lichfield;West Midlands;Staffordshire;74942;32800;25000;11700;23700;6000;0;0;800
Lincoln;Lincoln;East Midlands;Lincolnshire;74128;26400;30300;9700;23700;8500;0;0;1400
Liverpool Garston;Liverpool Garston;North West;Merseyside;70372;11700;46400;10500;16600;9500;0;0;5300
Liverpool Riverside;Liverpool Riverside;North West;Merseyside;70157;11800;42500;8800;15300;17700;0;0;4000
Liverpool Walton;Liverpool Walton;North West;Merseyside;75926;11000;47600;11100;19300;10000;0;0;1100
Liverpool Wavertree;Liverpool Wavertree;North West;Merseyside;71076;10700;44500;9800;13000;17100;0;0;5000
Liverpool West Derby;Liverpool West Derby;North West;Merseyside;70730;10400;47400;10300;18400;10300;0;0;3300
Loughborough;Loughborough;East Midlands;Leicestershire;73902;29900;29600;9700;20900;9000;0;0;900
Louth and Horncastle;Louth and Horncastle;East Midlands;Lincolnshire;75959;42600;10000;10100;30300;5800;0;0;1200
Lowestoft;Lowestoft;East of England;Suffolk;73967;28400;21000;10200;31100;8800;0;0;500
Luton North;Luton North;East of England;Bedfordshire;73266;20200;29900;6300;16700;5100;0;0;21800
Luton South and South Bedfordshire;Luton South and South Bedfordshire;East of England;Bedfordshire;70197;20700;27100;7300;16700;6600;0;0;21700
Macclesfield;Macclesfield;North West;Cheshire;75881;28300;31200;13900;18800;6400;0;0;1400
Maidenhead;Maidenhead;South East;Berkshire;73463;36200;12400;32400;10400;5700;0;0;2900
Maidstone and Malling;Maidstone and Malling;South East;Kent;73084;37100;17800;10600;25400;8600;0;0;500
Makerfield;Makerfield;North West;Western Manchester;76517;17400;29200;11600;36400;4800;0;0;700
Maldon;Maldon;East of England;Essex;76794;43100;10500;14200;26300;5600;0;0;300
Manchester Central;Manchester Central;North West;Central Manchester;75311;14700;38200;9900;18400;13300;0;0;5600
Manchester Rusholme;Manchester Rusholme;North West;Central Manchester;70692;11400;41600;5300;9100;17400;0;0;15100
Manchester Withington;Manchester Withington;North West;Central Manchester;71614;9400;47700;14000;7700;15100;0;0;6100
Mansfield;Mansfield;East Midlands;Nottinghamshire;74680;32200;20200;8600;32700;5300;0;0;1000
Melksham and Devizes;Melksham and Devizes;South West;Wiltshire;71823;32200;8300;33800;20000;5500;0;0;200
Melton and Syston;Melton and Syston;East Midlands;Leicestershire;71615;39000;13700;10200;27500;8200;0;0;1400
Meriden and Solihull East;Meriden and Solihull East;West Midlands;Coventry and Solihull;74211;38700;15800;9700;25600;9700;0;0;500
Mid Bedfordshire;Mid Bedfordshire;East of England;Bedfordshire;71748;40200;16400;12100;22500;6500;0;0;2300
Mid Buckinghamshire;Mid Buckinghamshire;South East;Buckinghamshire;72240;42900;13700;19300;16800;6800;0;0;500
Mid Cheshire;Mid Cheshire;North West;Cheshire;69775;24800;31100;12400;24000;6200;0;0;1500
Mid Derbyshire;Mid Derbyshire;East Midlands;Derbyshire;70085;29800;25400;11400;24200;8500;0;0;900
Mid Dorset and North Poole;Mid Dorset and North Poole;South West;Dorset;74305;34700;9000;31500;17600;5900;0;0;1200
Mid Leicestershire;Mid Leicestershire;East Midlands;Leicestershire;76173;38300;17500;10200;25900;7700;0;0;500
Mid Norfolk;Mid Norfolk;East of England;Norfolk;71060;39100;14000;12400;28000;6100;0;0;300
Mid Sussex;Mid Sussex;South East;West Sussex;72255;29500;15500;31800;16400;6300;0;0;600
Middlesbrough and Thornaby East;Middlesbrough and Thornaby East;North East;Teesside;71742;23100;28400;7100;26700;8700;0;0;6000
Middlesbrough South and East Cleveland;Middlesbrough South and East Cleveland;North East;Teesside;69967;37700;25100;8800;19600;6700;0;0;2100
Milton Keynes Central;Milton Keynes Central;South East;Buckinghamshire;76708;27500;35800;10000;17500;8300;0;0;1100
Milton Keynes North;Milton Keynes North;South East;Buckinghamshire;70620;29600;33900;9500;18500;8000;0;0;600
Mitcham and Morden;Mitcham and Morden;London;Merton;76877;16600;47100;12300;12300;8400;0;0;3300
Morecambe and Lunesdale;Morecambe and Lunesdale;North West;Lancashire;76040;30200;25600;16100;21500;6200;0;0;400
New Forest East;New Forest East;South East;Hampshire;73823;40200;13000;12100;25700;8000;0;0;1000
New Forest West;New Forest West;South East;Hampshire;71009;39300;13600;15900;22700;7800;0;0;800
Newark;Newark;East Midlands;Nottinghamshire;76478;41700;15700;12000;22400;6800;0;0;1400
Newbury;Newbury;South East;Berkshire;71631;33500;10200;29700;18500;7600;0;0;500
Newcastle upon Tyne Central and West;Newcastle upon Tyne Central and West;North East;Newcastle area;76460;17600;30700;6500;24400;9400;0;0;11400
Newcastle upon Tyne East and Wallsend;Newcastle upon Tyne East and Wallsend;North East;Newcastle area;76875;14600;36700;8800;26300;11500;0;0;2100
Newcastle upon Tyne North;Newcastle upon Tyne North;North East;Newcastle area;76503;18000;40100;11500;17600;10500;0;0;2200
Newcastle-under-Lyme;Newcastle-under-Lyme;West Midlands;Staffordshire;70025;29000;26800;10500;26300;6800;0;0;600
Newton Abbot;Newton Abbot;South West;Devon;72956;29300;9900;29000;24100;5700;0;0;2100
Newton Aycliffe and Spennymoor;Newton Aycliffe and Spennymoor;North East;Durham;71299;26500;27800;9000;29500;6300;0;0;800
Normanton and Hemsworth;Normanton and Hemsworth;Yorkshire and The Humber;West Yorkshire;75388;18500;29100;9700;35200;7100;0;0;500
North Bedfordshire;North Bedfordshire;East of England;Bedfordshire;76319;42500;14900;14500;21100;6600;0;0;500
North Cornwall;North Cornwall;South West;Cornwall;75034;29900;5200;41200;19300;3900;0;0;500
North Cotswolds;North Cotswolds;South West;Gloucestershire;70915;36200;11500;22700;21300;7600;0;0;800
North Devon;North Devon;South West;Devon;76455;30700;6300;35000;22000;5400;0;0;700
North Dorset;North Dorset;South West;Dorset;72109;39200;7800;23000;24500;5000;0;0;500
North Durham;North Durham;North East;Durham;73079;21700;27500;12700;29600;6900;0;0;1600
North East Cambridgeshire;North East Cambridgeshire;East of England;Cambridgeshire;70806;41100;9300;10700;32600;5400;0;0;1000
North East Derbyshire;North East Derbyshire;East Midlands;Derbyshire;72344;31000;24700;11300;26200;6400;0;0;500
North East Hampshire;North East Hampshire;South East;Hampshire;73306;36700;10200;33000;14300;5000;0;0;800
North East Hertfordshire;North East Hertfordshire;East of England;Hertfordshire;76849;30600;26100;14700;21000;7100;0;0;500
North East Somerset and Hanham;North East Somerset and Hanham;South West;Bristol area;73113;29000;26900;11700;23500;7800;0;0;1000
North Herefordshire;North Herefordshire;West Midlands;Hereford and Worcestershire;70894;34800;6300;7300;21100;30000;0;0;500
North Norfolk;North Norfolk;East of England;Norfolk;70719;33100;5900;35800;21100;3800;0;0;300
North Northumberland;North Northumberland;North East;Northumberland;72541;29500;27300;15600;17800;6500;0;0;3300
North Shropshire;North Shropshire;West Midlands;Shropshire;77052;27700;8300;38900;19300;5300;0;0;400
North Somerset;North Somerset;South West;Bristol area;73963;31700;23800;15900;20000;8000;0;0;500
North Warwickshire and Bedworth;North Warwickshire and Bedworth;West Midlands;Warwickshire;70245;32000;23500;8700;28500;6900;0;0;400
North West Cambridgeshire;North West Cambridgeshire;East of England;Cambridgeshire;73556;31800;21500;10400;28800;7100;0;0;300
North West Essex;North West Essex;East of England;Essex;76280;41200;15500;15700;19600;6300;0;0;1700
North West Hampshire;North West Hampshire;South East;Hampshire;76004;40000;17500;13700;20900;7300;0;0;500
North West Leicestershire;North West Leicestershire;East Midlands;Leicestershire;75373;30600;23900;9300;27400;6900;0;0;1900
North West Norfolk;North West Norfolk;East of England;Norfolk;75200;39000;11300;16700;26400;6200;0;0;400
Northampton North;Northampton North;East Midlands;Northamptonshire;75713;26200;29400;9300;22900;7700;0;0;4500
Northampton South;Northampton South;East Midlands;Northamptonshire;71512;31000;26300;11200;23800;6700;0;0;900
Norwich North;Norwich North;East of England;Norfolk;71441;23700;30600;10600;24900;9200;0;0;900
Norwich South;Norwich South;East of England;Norfolk;73201;17600;34700;11700;17500;16300;0;0;2300
Nottingham East;Nottingham East;East Midlands;Nottinghamshire;75327;15900;38700;8300;14100;12900;0;0;10200
Nottingham North and Kimberley;Nottingham North and Kimberley;East Midlands;Nottinghamshire;74515;23000;30700;9400;26200;9900;0;0;900
Nottingham South;Nottingham South;East Midlands;Nottinghamshire;76076;22000;31900;7600;20000;11700;0;0;6800
Nuneaton;Nuneaton;West Midlands;Warwickshire;70335;29500;25600;7700;25700;9900;0;0;1600
Old Bexley and Sidcup;Old Bexley and Sidcup;London;Bexley;74317;39100;18000;9400;27100;5900;0;0;600
Oldham East and Saddleworth;Oldham East and Saddleworth;North West;Eastern Manchester;72997;23200;23300;10100;26200;5400;0;0;11800
Oldham West, Chadderton and Royton;Oldham West, Chadderton and Royton;North West;Eastern Manchester;74183;17400;24200;7100;24700;5700;0;0;20900
Orpington;Orpington;London;Bromley;71571;39300;17000;12800;24600;6000;0;0;400
Ossett and Denby Dale;Ossett and Denby Dale;Yorkshire and The Humber;West Yorkshire;71595;28200;27100;11200;26400;6100;0;0;1100
Oxford East;Oxford East;South East;Oxfordshire;72731;14300;41600;7600;7800;13300;0;0;15400
Oxford West and Abingdon;Oxford West and Abingdon;South East;Oxfordshire;72004;24400;17000;36000;11800;9400;0;0;1400
Peckham;Peckham;London;Southwark;71176;9600;52200;9400;8200;16800;0;0;3900
Pendle and Clitheroe;Pendle and Clitheroe;North West;Lancashire;76941;31900;21700;12100;23000;4900;0;0;6500
Penistone and Stocksbridge;Penistone and Stocksbridge;Yorkshire and The Humber;South Yorkshire;71377;25300;26600;10300;32200;5200;0;0;400
Penrith and Solway;Penrith and Solway;North West;Cumbria;76720;31600;23900;16500;22300;5100;0;0;800
Peterborough;Peterborough;East of England;Cambridgeshire;72273;29000;21600;8500;22600;6900;0;0;11400
Plymouth Moor View;Plymouth Moor View;South West;Devon;73378;27500;24200;8300;33700;6200;0;0;200
Plymouth Sutton and Devonport;Plymouth Sutton and Devonport;South West;Devon;73495;21800;32000;10500;25100;9000;0;0;1700
Pontefract, Castleford and Knottingley;Pontefract, Castleford and Knottingley;Yorkshire and The Humber;West Yorkshire;72751;19700;28300;9100;36300;6100;0;0;500
Poole;Poole;South West;Dorset;72162;30600;21200;12700;27300;7000;0;0;1300
Poplar and Limehouse;Poplar and Limehouse;London;Tower Hamlets;75814;13600;39100;11300;9700;14000;0;0;12300
Portsmouth North;Portsmouth North;South East;Hampshire;71844;34800;23100;8900;25900;7000;0;0;300
Portsmouth South;Portsmouth South;South East;Hampshire;74253;23100;36100;10100;18800;10100;0;0;1700
Preston;Preston;North West;Lancashire;72946;18100;28300;9300;19800;5600;0;0;18900
Putney;Putney;London;Wandsworth;73041;21600;41400;18800;8100;8200;0;0;1900
Queen's Park and Maida Vale;Queen's Park and Maida Vale;London;City of Westminster;75256;14500;47200;12400;7900;12000;0;0;6100
Rawmarsh and Conisbrough;Rawmarsh and Conisbrough;Yorkshire and The Humber;South Yorkshire;70272;19200;26800;9900;37900;5600;0;0;600
Rayleigh and Wickford;Rayleigh and Wickford;East of England;Essex;76422;41200;11500;10100;31600;5200;0;0;300
Reading Central;Reading Central;South East;Berkshire;71283;20400;42900;8900;11700;14000;0;0;2100
Reading West and Mid Berkshire;Reading West and Mid Berkshire;South East;Berkshire;69999;31700;30200;12400;16200;8000;0;0;1600
Redcar;Redcar;North East;Teesside;71331;30100;25100;8000;30000;6100;0;0;700
Redditch;Redditch;West Midlands;Hereford and Worcestershire;69921;32800;24900;8900;24700;7400;0;0;1200
Reigate;Reigate;South East;Surrey;76139;39000;17900;13200;19300;10300;0;0;400
Ribble Valley;Ribble Valley;North West;Lancashire;75993;32300;25100;14200;22100;4500;0;0;1800
Richmond and Northallerton;Richmond and Northallerton;Yorkshire and The Humber;North Yorkshire;72744;49600;13100;10300;21000;5500;0;0;500
Richmond Park;Richmond Park;London;Richmond upon Thames;75037;22700;11300;52600;7800;4800;0;0;800
Rochdale;Rochdale;North West;Eastern Manchester;71697;17600;25000;8600;24300;4900;0;0;19700
Rochester and Strood;Rochester and Strood;South East;Kent;72155;31200;24900;5900;31500;6000;0;0;500
Romford;Romford;London;Havering;72730;39800;16500;9200;27400;5800;0;0;1400
Romsey and Southampton North;Romsey and Southampton North;South East;Hampshire;73831;44400;10300;22900;16600;5400;0;0;400
Rossendale and Darwen;Rossendale and Darwen;North West;Lancashire;74593;29300;26800;11500;25800;5800;0;0;800
Rother Valley;Rother Valley;Yorkshire and The Humber;South Yorkshire;70814;30900;19300;8900;35300;5300;0;0;400
Rotherham;Rotherham;Yorkshire and The Humber;South Yorkshire;75345;15900;23300;10000;38500;7000;0;0;5300
Rugby;Rugby;West Midlands;Warwickshire;72603;30500;29900;9200;22000;7700;0;0;800
Ruislip, Northwood and Pinner;Ruislip, Northwood and Pinner;London;Hillingdon;72168;44800;18400;13700;15800;6800;0;0;600
Runcorn and Helsby;Runcorn and Helsby;North West;Cheshire;70950;19600;37000;10800;24000;7500;0;0;1100
Runnymede and Weybridge;Runnymede and Weybridge;South East;Surrey;73778;41000;14700;19200;17900;6200;0;0;1100
Rushcliffe;Rushcliffe;East Midlands;Nottinghamshire;76171;28800;32000;13300;16200;8300;0;0;1500
Rutland and Stamford;Rutland and Stamford;East Midlands;Leicestershire;70864;45600;13200;12800;21400;6500;0;0;500
Salford;Salford;North West;Central Manchester;72169;14600;38000;9100;24400;11700;0;0;2200
Salisbury;Salisbury;South West;Wiltshire;70242;36100;15400;21600;19600;6600;0;0;800
Scarborough and Whitby;Scarborough and Whitby;Yorkshire and The Humber;North Yorkshire;73862;30500;23000;13300;26400;5800;0;0;1000
Scunthorpe;Scunthorpe;Yorkshire and The Humber;Humber area;74278;28500;24900;10400;28900;5400;0;0;1900
Sefton Central;Sefton Central;North West;Merseyside;74746;20100;42400;12200;17600;7000;0;0;900
Selby;Selby;Yorkshire and The Humber;North Yorkshire;74761;26900;31000;11500;24400;5800;0;0;400
Sevenoaks;Sevenoaks;South East;Kent;73684;40600;11000;19000;22900;5900;0;0;600
Sheffield Brightside and Hillsborough;Sheffield Brightside and Hillsborough;Yorkshire and The Humber;South Yorkshire;71154;17700;30700;8000;21700;12100;0;0;9700
Sheffield Central;Sheffield Central;Yorkshire and The Humber;South Yorkshire;70453;12300;37800;7000;8900;24600;0;0;9500
Sheffield Hallam;Sheffield Hallam;Yorkshire and The Humber;South Yorkshire;76637;16100;38100;24800;8100;10100;0;0;2800
Sheffield Heeley;Sheffield Heeley;Yorkshire and The Humber;South Yorkshire;74614;17900;35300;10800;18400;13900;0;0;3800
Sheffield South East;Sheffield South East;Yorkshire and The Humber;South Yorkshire;76223;21300;30100;10700;22600;7400;0;0;8000
Sherwood Forest;Sherwood Forest;East Midlands;Nottinghamshire;76543;29700;25800;10200;26300;6800;0;0;1100
Shipley;Shipley;Yorkshire and The Humber;West Yorkshire;74095;26900;30900;11300;20100;8700;0;0;2200
Shrewsbury;Shrewsbury;West Midlands;Shropshire;75139;25500;31400;14400;20100;7800;0;0;900
Sittingbourne and Sheppey;Sittingbourne and Sheppey;South East;Kent;76818;34000;19800;5800;31600;6700;0;0;2100
Skipton and Ripon;Skipton and Ripon;Yorkshire and The Humber;North Yorkshire;76758;40400;14900;15700;20800;7000;0;0;1200
Sleaford and North Hykeham;Sleaford and North Hykeham;East Midlands;Lincolnshire;73380;41800;14200;9200;26500;6600;0;0;1700
Slough;Slough;South East;Berkshire;75287;18200;31300;6300;12000;5700;0;0;26600
Smethwick;Smethwick;West Midlands;Black Country;71195;17600;35500;6500;20900;8600;0;0;10900
Solihull West and Shirley;Solihull West and Shirley;West Midlands;Coventry and Solihull;70537;37200;16400;14600;20300;9900;0;0;1700
South Basildon and East Thurrock;South Basildon and East Thurrock;East of England;Essex;73322;30400;14100;7900;39700;5200;0;0;2600
South Cambridgeshire;South Cambridgeshire;East of England;Cambridgeshire;75484;26200;11700;42600;13200;5300;0;0;1000
South Cotswolds;South Cotswolds;South West;Gloucestershire;72865;32200;8000;37900;16700;4300;0;0;800
South Derbyshire;South Derbyshire;East Midlands;Derbyshire;71202;29400;25700;11300;26400;5700;0;0;1600
South Devon;South Devon;South West;Devon;71691;30600;6700;38700;19100;4500;0;0;400
South Dorset;South Dorset;South West;Dorset;76640;30000;22000;13100;27400;7100;0;0;500
South East Cornwall;South East Cornwall;South West;Cornwall;71734;31500;18800;19700;24100;5400;0;0;500
South Holland and the Deepings;South Holland and The Deepings;East Midlands;Lincolnshire;76139;41900;8500;9100;31100;5600;0;0;3800
South Leicestershire;South Leicestershire;East Midlands;Leicestershire;75634;38400;14200;14400;26600;6000;0;0;300
South Norfolk;South Norfolk;East of England;Norfolk;69837;30000;25000;17500;19600;7100;0;0;900
South Northamptonshire;South Northamptonshire;East Midlands;Northamptonshire;76555;39300;15700;12500;23500;6800;0;0;2100
South Ribble;South Ribble;North West;Lancashire;72029;27700;30300;12700;24100;4800;0;0;300
South Shields;South Shields;North East;Newcastle area;69725;15700;26700;6600;34900;12700;0;0;3400
South Shropshire;South Shropshire;West Midlands;Shropshire;77034;40700;9100;24400;20000;5400;0;0;400
South Suffolk;South Suffolk;East of England;Suffolk;71070;37700;13200;14500;25600;8500;0;0;400
South West Devon;South West Devon;South West;Devon;75371;37300;16200;13100;26400;6500;0;0;600
South West Hertfordshire;South West Hertfordshire;East of England;Hertfordshire;71552;36600;13700;21000;20200;6100;0;0;2500
South West Norfolk;South West Norfolk;East of England;Norfolk;72496;31800;17200;10000;31500;5200;0;0;4300
South West Wiltshire;South West Wiltshire;South West;Wiltshire;71551;35800;14000;14400;28100;6800;0;0;900
Southampton Itchen;Southampton Itchen;South East;Hampshire;72150;28100;30000;10500;21500;9000;0;0;900
Southampton Test;Southampton Test;South East;Hampshire;69960;22200;34500;10700;18900;10800;0;0;2900
Southend East and Rochford;Southend East and Rochford;East of England;Essex;70094;30700;24000;10800;26200;7200;0;0;1100
Southend West and Leigh;Southend West and Leigh;East of England;Essex;76824;31300;25000;11100;24600;6900;0;0;1200
Southgate and Wood Green;Southgate and Wood Green;London;Enfield;76034;19000;43400;14200;9200;10500;0;0;3700
Southport;Southport;North West;Merseyside;74168;26900;27600;15900;23300;5200;0;0;1100
Spelthorne;Spelthorne;South East;Surrey;72897;36400;16400;13600;25800;7300;0;0;600
Spen Valley;Spen Valley;Yorkshire and The Humber;West Yorkshire;72169;25000;25200;11100;29700;6400;0;0;2600
St Albans;St Albans;East of England;Hertfordshire;70881;21100;11800;48800;11300;6200;0;0;900
St Austell and Newquay;St Austell and Newquay;South West;Cornwall;74585;30500;18200;15800;26900;7400;0;0;1300
St Helens North;St Helens North;North West;Merseyside;76082;15500;34500;10300;29700;9400;0;0;600
St Helens South and Whiston;St Helens South and Whiston;North West;Merseyside;70302;14000;34900;9400;28100;9300;0;0;4300
St Ives;St Ives;South West;Cornwall;70107;27100;5600;45300;16400;4900;0;0;700
St Neots and Mid Cambridgeshire;St Neots and Mid Cambridgeshire;East of England;Cambridgeshire;74699;28200;12000;33300;17300;5800;0;0;3400
Stafford;Stafford;West Midlands;Staffordshire;70537;30400;28800;8300;22800;9100;0;0;600
Staffordshire Moorlands;Staffordshire Moorlands;West Midlands;Staffordshire;70113;40000;15800;10800;26300;6600;0;0;500
Stalybridge and Hyde;Stalybridge and Hyde;North West;Eastern Manchester;73028;20600;29400;9700;29600;7400;0;0;3400
Stevenage;Stevenage;East of England;Hertfordshire;70370;26800;30800;11900;22900;6900;0;0;800
Stockport;Stockport;North West;Eastern Manchester;74769;15000;38300;11600;21300;10500;0;0;3200
Stockton North;Stockton North;North East;Teesside;69779;23400;29800;8200;31200;6900;0;0;600
Stockton West;Stockton West;North East;Teesside;70108;42500;20400;8500;21900;5600;0;0;1000
Stoke-on-Trent Central;Stoke-on-Trent Central;West Midlands;Staffordshire;70550;24800;25900;7700;29000;7300;0;0;5400
Stoke-on-Trent North;Stoke-on-Trent North;West Midlands;Staffordshire;69821;28800;23100;8400;31700;5900;0;0;2200
Stoke-on-Trent South;Stoke-on-Trent South;West Midlands;Staffordshire;69831;33900;21900;8700;27300;6100;0;0;2100
Stone, Great Wyrley and Penkridge;Stone, Great Wyrley and Penkridge;West Midlands;Staffordshire;70701;46700;16800;9900;16400;7400;0;0;2900
Stourbridge;Stourbridge;West Midlands;Black Country;69840;30700;26000;9000;25200;7200;0;0;1900
Stratford and Bow;Stratford and Bow;London;Newham;73849;11000;40800;7100;9000;14500;0;0;17500
Stratford-on-Avon;Stratford-on-Avon;West Midlands;Warwickshire;72388;32000;8700;36000;17700;4900;0;0;700
Streatham and Croydon North;Streatham and Croydon North;London;Lambeth;76050;14100;48300;14100;8000;12600;0;0;3000
Stretford and Urmston;Stretford and Urmston;North West;Central Manchester;73212;15700;40400;8800;17200;8800;0;0;9200
Stroud;Stroud;South West;Gloucestershire;76249;24600;31100;11400;20600;11200;0;0;1200
Suffolk Coastal;Suffolk Coastal;East of England;Suffolk;72683;30000;22400;15600;23200;8400;0;0;400
Sunderland Central;Sunderland Central;North East;Newcastle area;72688;19200;29000;10000;33600;7600;0;0;700
Surrey Heath;Surrey Heath;South East;Surrey;70825;36000;11200;30500;17100;5000;0;0;200
Sussex Weald;Sussex Weald;South East;East Sussex;70075;41200;11000;16400;22500;7500;0;0;1400
Sutton and Cheam;Sutton and Cheam;London;Sutton;71284;28600;14400;35600;16000;4800;0;0;700
Sutton Coldfield;Sutton Coldfield;West Midlands;Birmingham;74584;39900;19900;10700;21000;7200;0;0;1400
Swindon North;Swindon North;South West;Wiltshire;72163;28100;27900;10700;26100;6400;0;0;800
Swindon South;Swindon South;South West;Wiltshire;72468;25600;33200;11900;21300;6500;0;0;1500
Tamworth;Tamworth;West Midlands;Staffordshire;73644;32300;24400;8300;28000;6300;0;0;800
Tatton;Tatton;North West;Cheshire;75538;40700;18700;16200;17400;6500;0;0;600
Taunton and Wellington;Taunton and Wellington;South West;Somerset;76049;26100;8200;38300;21900;5100;0;0;400
Telford;Telford;West Midlands;Shropshire;70768;26300;30300;8600;27500;6900;0;0;400
Tewkesbury;Tewkesbury;South West;Gloucestershire;72426;29500;9100;32000;22000;6900;0;0;400
The Wrekin;The Wrekin;West Midlands;Shropshire;76143;40200;17800;9900;23900;7500;0;0;700
Thirsk and Malton;Thirsk and Malton;Yorkshire and The Humber;North Yorkshire;76623;42100;11300;15500;23500;6800;0;0;800
Thornbury and Yate;Thornbury and Yate;South West;Bristol area;74985;31300;9600;31000;22400;5400;0;0;400
Thurrock;Thurrock;East of England;Essex;73347;25400;27200;8100;33100;4100;0;0;2200
Tipton and Wednesbury;Tipton and Wednesbury;West Midlands;Black Country;73820;26900;23600;6200;33100;7100;0;0;3100
Tiverton and Minehead;Tiverton and Minehead;South West;Somerset;70829;31000;6800;33700;23000;5200;0;0;300
Tonbridge;Tonbridge;South East;Kent;73692;41800;11300;8200;23300;14300;0;0;1000
Tooting;Tooting;London;Wandsworth;76986;17000;48300;14700;7000;10300;0;0;2800
Torbay;Torbay;South West;Devon;75742;28900;6400;32500;26000;5700;0;0;500
Torridge and Tavistock;Torridge and Tavistock;South West;Devon;74802;37600;9300;21600;25300;5700;0;0;600
Tottenham;Tottenham;London;Haringey;75968;10100;50200;9300;7200;15300;0;0;7900
Truro and Falmouth;Truro and Falmouth;South West;Cornwall;73326;27900;25900;16700;19000;9300;0;0;1200
Tunbridge Wells;Tunbridge Wells;South East;Kent;75213;30400;11400;37500;14900;5000;0;0;800
Twickenham;Twickenham;London;Richmond upon Thames;75889;18900;13200;52100;9200;5900;0;0;700
Tynemouth;Tynemouth;North East;Newcastle area;73022;19900;38700;10000;21200;8600;0;0;1600
Uxbridge and South Ruislip;Uxbridge and South Ruislip;London;Hillingdon;75042;32600;29700;8200;19500;8700;0;0;1300
Vauxhall and Camberwell Green;Vauxhall and Camberwell Green;London;Lambeth;69995;10500;53300;13000;7700;14300;0;0;1100
Wakefield and Rothwell;Wakefield and Rothwell;Yorkshire and The Humber;West Yorkshire;73968;22000;30100;11900;26900;6900;0;0;2300
Wallasey;Wallasey;North West;Merseyside;73054;15400;39800;11600;22100;10100;0;0;1000
Walsall and Bloxwich;Walsall and Bloxwich;West Midlands;Black Country;74886;24500;23100;6500;23000;8200;0;0;14700
Walthamstow;Walthamstow;London;Waltham Forest;70867;9800;50700;9300;7300;15000;0;0;7900
Warrington North;Warrington North;North West;Cheshire;72350;20000;32800;12300;27700;6100;0;0;1100
Warrington South;Warrington South;North West;Cheshire;76639;24300;35100;11900;21000;6500;0;0;1100
Warwick and Leamington;Warwick and Leamington;West Midlands;Warwickshire;75440;24100;37700;10100;15000;12000;0;0;1100
Washington and Gateshead South;Washington and Gateshead South;North East;Newcastle area;71775;16700;31500;8500;36200;5900;0;0;1200
Watford;Watford;East of England;Hertfordshire;70576;24900;30000;15900;15900;5700;0;0;7600
Waveney Valley;Waveney Valley;East of England;Suffolk;70540;30800;7500;8300;26200;26500;0;0;700
Weald of Kent;Weald of Kent;South East;Kent;70110;45500;12300;9800;23700;8500;0;0;300
Wellingborough and Rushden;Wellingborough and Rushden;East Midlands;Northamptonshire;76669;28200;25500;8700;29500;7500;0;0;600
Wells and Mendip Hills;Wells and Mendip Hills;South West;Somerset;69843;27900;7900;39700;17500;4900;0;0;2100
Welwyn Hatfield;Welwyn Hatfield;East of England;Hertfordshire;74535;32100;29800;10200;19500;7500;0;0;900
West Bromwich;West Bromwich;West Midlands;Black Country;72208;23900;31400;7100;25700;7500;0;0;4400
West Dorset;West Dorset;South West;Dorset;75390;32800;6800;39700;14000;5600;0;0;1000
West Ham and Beckton;West Ham and Beckton;London;Newham;70590;14100;40500;7600;12600;10000;0;0;15200
West Lancashire;West Lancashire;North West;Lancashire;73652;22800;35000;12000;22200;7400;0;0;500
West Suffolk;West Suffolk;East of England;Suffolk;76243;40000;14100;10900;27800;6600;0;0;600
West Worcestershire;West Worcestershire;West Midlands;Hereford and Worcestershire;76638;41600;9700;19000;19100;10000;0;0;600
Westmorland and Lonsdale;Westmorland and Lonsdale;North West;Cumbria;72322;23900;6700;52800;12700;3400;0;0;600
Weston-super-Mare;Weston-super-Mare;South West;Bristol area;70722;27900;23600;12000;29200;6900;0;0;400
Wetherby and Easingwold;Wetherby and Easingwold;Yorkshire and The Humber;North Yorkshire;71455;41900;15700;12600;19700;9200;0;0;1000
Whitehaven and Workington;Whitehaven and Workington;North West;Cumbria;73385;23700;32400;11200;27500;5000;0;0;300
Widnes and Halewood;Widnes and Halewood;North West;Cheshire;70865;14300;43600;11100;22900;7100;0;0;1000
Wigan;Wigan;North West;Western Manchester;75607;17000;32000;10800;31500;5100;0;0;3800
Wimbledon;Wimbledon;London;Merton;74641;22200;17400;46100;8200;5000;0;0;1200
Winchester;Winchester;South East;Hampshire;76577;32100;9600;39100;12100;6600;0;0;500
Windsor;Windsor;South East;Berkshire;74338;42400;16300;15900;15000;6900;0;0;3600
Wirral West;Wirral West;North West;Merseyside;72126;24300;35000;13400;17800;8900;0;0;500
Witham;Witham;East of England;Essex;75064;39700;14300;10700;26800;7200;0;0;1300
Witney;Witney;South East;Oxfordshire;70042;33000;13300;32100;16300;5000;0;0;400
Woking;Woking;South East;Surrey;71737;28100;12300;38600;14300;5800;0;0;900
Wokingham;Wokingham;South East;Berkshire;70235;32100;11200;37500;13700;5200;0;0;300
Wolverhampton North East;Wolverhampton North East;West Midlands;Black Country;70449;27800;28000;7300;29200;7100;0;0;600
Wolverhampton South East;Wolverhampton South East;West Midlands;Black Country;75685;21700;32700;7100;28900;7500;0;0;2100
Wolverhampton West;Wolverhampton West;West Midlands;Black Country;75592;27300;32800;8500;17900;7800;0;0;5800
Worcester;Worcester;West Midlands;Hereford and Worcestershire;73928;26500;29200;9400;21100;12600;0;0;1200
Worsley and Eccles;Worsley and Eccles;North West;Central Manchester;76915;19100;34100;9700;28100;7300;0;0;1800
Worthing West;Worthing West;South East;West Sussex;76293;30600;29700;9000;22300;7900;0;0;600
Wycombe;Wycombe;South East;Buckinghamshire;71769;26900;30100;10600;13100;6600;0;0;12600
Wyre Forest;Wyre Forest;West Midlands;Hereford and Worcestershire;77015;38400;14800;9700;26600;8500;0;0;2100
Wythenshawe and Sale East;Wythenshawe and Sale East;North West;Central Manchester;76971;16500;39200;9700;22300;10400;0;0;2000
Yeovil;Yeovil;South West;Somerset;76056;26000;7500;35700;24000;6100;0;0;800
York Central;York Central;Yorkshire and The Humber;North Yorkshire;74854;17400;44000;10000;15600;11600;0;0;1400
York Outer;York Outer;Yorkshire and The Humber;North Yorkshire;72720;27800;33200;13300;18300;6400;0;0;1100
Aberdeen North;Aberdeen North;Scotland;Grampian;76895;17100;15500;9900;24200;1600;29500;0;2200
Aberdeen South;Aberdeen South;Scotland;Grampian;76560;17400;15800;13900;21500;500;30200;0;800
Aberdeenshire North and Moray East;Aberdeenshire North and Moray East;Scotland;Grampian;71485;21400;4100;12000;19600;4600;36900;0;1300
Airdrie and Shotts;Airdrie and Shotts;Scotland;Glasgow area;70420;17400;24800;3400;17200;6300;28800;0;2100
Alloa and Grangemouth;Alloa and Grangemouth;Scotland;Central;72265;16800;19000;6100;25300;1800;28400;0;2500
Angus and Perthshire Glens;Angus and Perthshire Glens;Scotland;Tayside;77006;21300;4800;12100;14300;2900;43000;0;1600
Arbroath and Broughty Ferry;Arbroath and Broughty Ferry;Scotland;Tayside;76810;17700;11300;8300;17800;700;43800;0;400
Argyll, Bute and South Lochaber;Argyll, Bute and South Lochaber;Scotland;Argyll and Bute;71707;20500;4600;16200;13600;6300;35100;0;3700
Ayr, Carrick and Cumnock;Ayr, Carrick and Cumnock;Scotland;Ayrshire and Lanark;72057;24000;20800;6900;14400;6500;25200;0;2300
Bathgate and Linlithgow;Bathgate and Linlithgow;Scotland;Edinburgh area;71650;15600;23500;7600;24700;1700;25600;0;1300
Berwickshire, Roxburgh and Selkirk;Berwickshire, Roxburgh and Selkirk;Scotland;Borders;74867;29700;6600;15300;12100;9600;22400;0;4200
Caithness, Sutherland and Easter Ross;Caithness, Sutherland and Easter Ross;Scotland;Highland;75173;12700;2100;30400;13200;9100;25600;0;6900
Central Ayrshire;Central Ayrshire;Scotland;Ayrshire and Lanark;69779;18600;19600;6900;17700;2400;33500;0;1300
Coatbridge and Bellshill;Coatbridge and Bellshill;Scotland;Glasgow area;72507;18700;23300;2800;18500;6900;26700;0;3100
Cowdenbeath and Kirkcaldy;Cowdenbeath and Kirkcaldy;Scotland;Fife;70329;19500;23700;8400;19400;2600;24000;0;2600
Cumbernauld and Kirkintilloch;Cumbernauld and Kirkintilloch;Scotland;Glasgow area;70579;15900;20300;5200;21300;2100;33500;0;1700
Dumfries and Galloway;Dumfries and Galloway;Scotland;Dumfries and Galloway;76863;25300;15800;12700;10900;7900;25300;0;2100
Dumfriesshire, Clydesdale and Tweeddale;Dumfriesshire, Clydesdale and Tweeddale;Scotland;Dumfries and Galloway;70738;26500;8400;15700;15000;6800;24600;0;3200
Dundee Central;Dundee Central;Scotland;Tayside;75298;8100;10400;11200;10100;2700;54400;0;3000
Dunfermline and Dollar;Dunfermline and Dollar;Scotland;Fife;70725;14700;22300;12100;23000;800;25600;0;1500
East Kilbride and Strathaven;East Kilbride and Strathaven;Scotland;Ayrshire and Lanark;75161;16300;25300;5900;22600;1900;26200;0;1800
East Renfrewshire;East Renfrewshire;Scotland;Glasgow area;72959;15000;36800;8800;16800;500;21300;0;900
Edinburgh East and Musselburgh;Edinburgh East and Musselburgh;Scotland;Edinburgh area;75705;7200;38000;9200;11500;2700;28800;0;2700
Edinburgh North and Leith;Edinburgh North and Leith;Scotland;Edinburgh area;76770;9700;41200;9300;11200;3000;22700;0;3000
Edinburgh South;Edinburgh South;Scotland;Edinburgh area;73315;8100;44700;14000;15400;400;16100;0;1300
Edinburgh South West;Edinburgh South West;Scotland;Edinburgh area;70980;10800;33400;12900;15300;1000;25300;0;1400
Edinburgh West;Edinburgh West;Scotland;Edinburgh area;76723;10700;14300;42800;15200;900;15300;0;800
Falkirk;Falkirk;Scotland;Central;75067;16900;19800;5700;22200;2200;31100;0;2200
Glasgow East;Glasgow East;Scotland;Glasgow area;69748;11700;27900;3400;11300;8600;33400;0;3700
Glasgow North;Glasgow North;Scotland;Glasgow area;75236;11500;29000;4600;14200;4200;32300;0;4300
Glasgow North East;Glasgow North East;Scotland;Glasgow area;73210;9900;25400;4100;10500;10700;34900;0;4500
Glasgow South;Glasgow South;Scotland;Glasgow area;70431;15000;30100;3500;12400;6600;26800;0;5700
Glasgow South West;Glasgow South West;Scotland;Glasgow area;71344;12700;28000;3200;10200;8800;33600;0;3600
Glasgow West;Glasgow West;Scotland;Glasgow area;72499;13000;31100;5000;13400;3900;30700;0;3100
Glenrothes and Mid Fife;Glenrothes and Mid Fife;Scotland;Fife;69734;15900;18900;6800;20300;6500;30200;0;1500
Gordon and Buchan;Gordon and Buchan;Scotland;Grampian;70238;18800;4900;23900;18700;1100;32300;0;300
Hamilton and Clyde Valley;Hamilton and Clyde Valley;Scotland;Ayrshire and Lanark;74577;19700;24700;5800;18300;4600;26200;0;700
Inverclyde and Renfrewshire West;Inverclyde and Renfrewshire West;Scotland;Glasgow area;70418;20400;21000;4900;20300;3000;27700;0;2700
Inverness, Skye and West Ross-shire;Inverness, Skye and West Ross-shire;Scotland;Highland;76903;15200;8000;27800;13700;2500;31100;0;1700
Kilmarnock and Loudoun;Kilmarnock and Loudoun;Scotland;Ayrshire and Lanark;74801;14300;21400;6900;15600;3500;36800;0;1500
Livingston;Livingston;Scotland;Edinburgh area;75454;14900;21800;7400;24300;1600;28600;0;1500
Lothian East;Lothian East;Scotland;Edinburgh area;71287;13800;34800;10900;15500;2400;20900;0;1700
Mid Dunbartonshire;Mid Dunbartonshire;Scotland;Glasgow area;75099;12900;14100;35000;17800;900;17900;0;1300
Midlothian;Midlothian;Scotland;Edinburgh area;71210;14200;28400;8600;18300;2800;27400;0;500
Moray West, Nairn and Strathspey;Moray West, Nairn and Strathspey;Scotland;Grampian;76237;19200;4000;18200;20400;1000;35300;0;1900
Motherwell, Wishaw and Carluke;Motherwell, Wishaw and Carluke;Scotland;Glasgow area;72318;18500;24300;4100;19000;3100;29600;0;1400
Na h-Eileanan an Iar;Na h-Eileanan an Iar;Scotland;Western Isles;21177;20800;22100;4200;14400;8600;13700;0;16300
North Ayrshire and Arran;North Ayrshire and Arran;Scotland;Ayrshire and Lanark;73588;20800;18100;5800;15500;4600;32900;0;2200
North East Fife;North East Fife;Scotland;Fife;70452;11400;2600;40700;15900;3100;21800;0;4500
Orkney and Shetland;Orkney and Shetland;Scotland;Orkney and Shetland;34824;5600;4900;49100;15500;7000;13000;0;4800
Paisley and Renfrewshire North;Paisley and Renfrewshire North;Scotland;Glasgow area;69941;12400;26100;6200;20400;1500;32600;0;800
Paisley and Renfrewshire South;Paisley and Renfrewshire South;Scotland;Glasgow area;69813;23800;20300;3400;18700;5500;24500;0;3700
Perth and Kinross-shire;Perth and Kinross-shire;Scotland;Tayside;76320;25500;10800;11900;17400;1300;32600;0;600
Rutherglen;Rutherglen;Scotland;Ayrshire and Lanark;71612;15600;29900;5200;17300;2600;28200;0;1200
Stirling and Strathallan;Stirling and Strathallan;Scotland;Central;77008;18500;21500;12900;15000;1700;28500;0;2000
West Aberdeenshire and Kincardine;West Aberdeenshire and Kincardine;Scotland;Grampian;73634;25800;5700;18600;22700;900;25200;0;1200
West Dunbartonshire;West Dunbartonshire;Scotland;Glasgow area;70286;22600;22000;1800;16400;7900;23900;0;5400
Aberafan Maesteg;Aberafan Maesteg;Wales;West Glamorgan;69817;21800;25000;900;27800;10500;12700;0;1400
Alyn and Deeside;Alyn and Deeside;Wales;Clwyd;75695;20200;45800;6300;12800;8000;4400;0;2400
Bangor Aberconwy;Bangor Aberconwy;Wales;Clwyd;70468;22300;34200;3800;14500;4100;19700;0;1400
Blaenau Gwent and Rhymney;Blaenau Gwent and Rhymney;Wales;Gwent;71079;21500;27000;900;17800;21200;9300;0;2500
Brecon, Radnor and Cwm Tawe;Brecon, Radnor and Cwm Tawe;Wales;Powys;72113;19500;18700;25000;17900;4300;12700;0;2000
Bridgend;Bridgend;Wales;Mid Glamorgan;70770;19400;40600;6300;16600;5100;10100;0;1800
Caerfyrddin;Caerfyrddin;Wales;Dyfed;72683;21300;21700;3300;16200;4700;31600;0;1200
Caerphilly;Caerphilly;Wales;Gwent;72458;18000;38900;2900;16300;10500;12100;0;1300
Cardiff East;Cardiff East;Wales;South Glamorgan;72463;21300;26800;5100;16000;15600;14700;0;500
Cardiff North;Cardiff North;Wales;South Glamorgan;71143;21500;38800;11300;6100;7500;11200;0;3500
Cardiff South and Penarth;Cardiff South and Penarth;Wales;South Glamorgan;72269;19000;30700;5100;12500;14700;15000;0;2900
Cardiff West;Cardiff West;Wales;South Glamorgan;73947;22400;32300;3600;10500;10400;18000;0;2900
Ceredigion Preseli;Ceredigion Preseli;Wales;Dyfed;74063;14900;15100;9000;12000;7900;40600;0;600
Clwyd East;Clwyd East;Wales;Clwyd;76395;25600;36300;6900;14000;5400;9100;0;2700
Clwyd North;Clwyd North;Wales;Clwyd;76150;28600;30700;2800;21100;5000;10100;0;1700
Dwyfor Meirionnydd;Dwyfor Meirionnydd;Wales;Gwynedd;72533;16000;24300;3300;9900;5800;39700;0;900
Gower;Gower;Wales;West Glamorgan;76801;21800;41000;10600;10600;6300;9100;0;600
Llanelli;Llanelli;Wales;Dyfed;69895;17000;29800;1300;30300;5100;15200;0;1500
Merthyr Tydfil and Aberdare;Merthyr Tydfil and Aberdare;Wales;Mid Glamorgan;74805;20400;27800;1400;26500;10000;12600;0;1400
Mid and South Pembrokeshire;Mid and South Pembrokeshire;Wales;Dyfed;76820;28100;24100;6700;20900;5000;13800;0;1400
Monmouthshire;Monmouthshire;Wales;Gwent;72681;26000;38600;13400;8300;5700;6500;0;1600
Montgomeryshire and Glyndwr;Montgomeryshire and Glyndwr;Wales;Powys;74223;19300;30900;11100;15700;7800;12700;0;2600
Neath and Swansea East;Neath and Swansea East;Wales;West Glamorgan;74705;20000;31400;2600;24400;8600;11500;0;1500
Newport East;Newport East;Wales;Gwent;76159;23300;33400;2000;19900;12300;7300;0;2000
Newport West and Islwyn;Newport West and Islwyn;Wales;Gwent;76234;21100;42100;4400;15200;8100;7400;0;1500
Pontypridd;Pontypridd;Wales;Mid Glamorgan;73743;22600;32200;2900;17900;8500;13300;0;2800
Rhondda and Ogmore;Rhondda and Ogmore;Wales;Mid Glamorgan;73557;20800;21600;800;28600;10900;15600;0;1800
Swansea West;Swansea West;Wales;West Glamorgan;74612;22000;22600;3100;21900;13300;14600;0;2600
Torfaen;Torfaen;Wales;Gwent;70591;21500;37200;2600;20500;10600;6500;0;1200
Vale of Glamorgan;Vale of Glamorgan;Wales;South Glamorgan;70426;25900;32700;6500;16200;4500;12900;0;1300
Wrexham;Wrexham;Wales;Clwyd;70964;26100;35600;5500;15100;6400;9500;0;1800
Ynys Mon;Ynys Mn;Northern Ireland;Antrim;52415;18000;27700;2900;17800;3400;29700;0;700
Antrim East;Antrim East;Northern Ireland;Antrim;69936;5943;241;12312;9406;946;3247;0;5167
Antrim North;Antrim North;Northern Ireland;Antrim;71165;8805;785;15400;5334;371;7237;0;6119
Antrim South;Antrim South;Northern Ireland;Antrim;71646;13045;610;10220;7315;326;6297;0;5160
Belfast East;Belfast East;Northern Ireland;Antrim;70076;3000;0;15554;18190;270;1166;0;4266
Belfast North;Belfast North;Northern Ireland;Antrim;71732;540;0;15216;3841;301;24379;0;4760
Belfast South;Belfast South;Northern Ireland;Antrim;71978;2001;23606;6630;5822;414;1787;0;7091
Belfast West;Belfast West;Northern Ireland;Down;71921;499;796;1418;1499;278;22067;6194;6031
Down North;Down North;Northern Ireland;Down;70412;5372;0;10647;17530;243;1050;0;5801
Down South;Down South;Northern Ireland;Fermanagh;71772;4059;10868;2670;5902;419;17948;0;7895
Fermanagh and South Tyrone;Fermanagh and South Tyrone;Northern Ireland;Londonderry;74643;22169;919;0;2110;134;22564;0;2866
Foyle;Foyle;Northern Ireland;Antrim;69890;1731;23424;272;1009;358;11319;2032;6999
Lagan Valley;Lagan Valley;Northern Ireland;Londonderry;76332;9208;469;14104;12162;336;2548;0;6578
Londonderry East;Londonderry East;Northern Ireland;Armagh;72213;4251;3276;11111;5121;364;7699;0;7481
Newry and Armagh;Newry and Armagh;Northern Ireland;Down;74585;4977;5725;5704;3353;431;22149;0;8441
Strangford;Strangford;Northern Ireland;Tyrone;70070;4560;532;13062;9871;1090;1849;0;6521
Tyrone West;Tyrone West;Northern Ireland;Tyrone;70614;3411;4310;4759;3169;876;18078;0;6584
Ulster Mid;Ulster Mid;Northern Ireland;Armagh;70094;3295;3112;6185;2808;381;22120;0;6719
Upper Bann;Upper Bann;;;76969;7008;1233;14542;5414;452;14245;0;7151
